{
  "toneko.neko.stick": {
    "category": "neutral",
    "sounds": [
      "minecraft:toneko/neko/stick"
    ]
  },
  "toneko.neko.stick.level2": {
    "category": "neutral",
    "sounds": [
      "minecraft:toneko/neko/stick.level2"
    ]
  },
  "nanocraft.event.join.1": {
    "category": "neutral",
    "sounds": [
      "minecraft:nanocraft/event/join.1"
    ]
  },
  "nanocraft.event.join.2": {
    "category": "neutral",
    "sounds": [
      "minecraft:nanocraft/event/join.2"
    ]
  },
  "nanocraft.event.run.1": {
    "category":  "neutral",
    "sounds": [
      "minecraft:nanocraft/event/run.1"
    ]
  },
  "nanocraft.event.run.2": {
    "category": "neutral",
    "sounds": [
      "minecraft:nanocraft/event/run.2"
    ]
  },
  "nanocraft.event.rain.1": {
    "category": "neutral",
    "sounds": [
      "minecraft:nanocraft/event/rain.1"
    ]
  },
  "nanocraft.event.wind.1": {
    "category": "neutral",
    "sounds": [
      "minecraft:nanocraft/event/wind.1"
    ]
  },
  "nanocraft.event.damage.1": {
    "category": "neutral",
    "sounds": [
      "minecraft:nanocraft/event/damage.1"
    ]
  },
  "nanocraft.event.damage.2": {
    "category": "neutral",
    "sounds": [
      "minecraft:nanocraft/event/damage.2"
    ]
  },
  "nanocraft.event.health.low.1": {
    "category": "neutral",
    "sounds": [
      "minecraft:nanocraft/event/health.low.1"
    ]
  },
  "nanocraft.event.health.low.2": {
    "category": "neutral",
    "sounds": [
      "minecraft:nanocraft/event/health.low.2"
    ]
  },
  "nanocraft.event.health.low.3": {
    "category": "neutral",
    "sounds": [
      "minecraft:nanocraft/event/health.low.3"
    ]
  },
  "nanocraft.event.death.1": {
    "category": "neutral",
    "sounds": [
      "minecraft:nanocraft/event/death.1"
    ]
  },
  "nanocraft.event.death.2": {
    "category": "neutral",
    "sounds": [
      "minecraft:nanocraft/event/death.2"
    ]
  },
  "nanocraft.event.death.3": {
    "category": "neutral",
    "sounds": [
      "minecraft:nanocraft/event/death.3"
    ]
  },
  "nanocraft.event.attack.projectile.1": {
    "category": "neutral",
    "sounds": [
      "minecraft:nanocraft/event/attack/projectile.1"
    ]
  },
  "nanocraft.event.attack.projectile.2": {
    "category": "neutral",
    "sounds": [
      "minecraft:nanocraft/event/attack/projectile.2"
    ]
  },
  "nanocraft.event.morning.1": {
    "category": "neutral",
    "sounds": [
      "minecraft:nanocraft/event/morning.1"
    ]
  },
  "nanocraft.event.noon.1": {
    "category": "neutral",
    "sounds": [
      "minecraft:nanocraft/event/noon.1"
    ]
  },
  "nanocraft.event.evening.1": {
    "category": "neutral",
    "sounds": [
      "minecraft:nanocraft/event/evening.1"
    ]
  },
  "nanocraft.event.check.tnt.1": {
    "category": "neutral",
    "sounds": [
      "minecraft:nanocraft/event/check/tnt.1"
    ]
  },
  "nanocraft.event.check.tnt.2": {
    "category": "neutral",
    "sounds": [
      "minecraft:nanocraft/event/check/tnt.2"
    ]
  },
  "nanocraft.event.check.tnt.3": {
    "category": "neutral",
    "sounds": [
      "minecraft:nanocraft/event/check/tnt.3"
    ]
  }
}

